{
    "eventList": [
      {
        "id": 1,
        "title": "Kings of Comedy's Melbourne Showcase Special",
        "address": 
          "The Colonial Hotel, 585 Lonsdale St, Melbourne VIC, Australia"
        ,
        "start_date": "Apr 26",
        "latitude": -37.8130,
        "longitude": 144.9556
      },
      {
        "id": 2,
        "title": "Denouncement Pyre",
        "address":
          "The Tote, 67-71 Johnston St,Collingwood VIC, Australia"
        ,
        "start_date": "Apr 26",
        "latitude": -37.7983,
        "longitude": 144.9847
      },
      {
        "id": 3,
        "title": "Touch Bass Festival",
        "address": 
          "The Timber Yard, 351 Plummer St,Port Melbourne VIC, Australia"
        ,
        "start_date": "Apr 26",
        "latitude": -37.8291,
        "longitude": 144.9250
      },
      {
        "id": 4,
        "title": "RY X",
        "address": 
          "Melbourne Recital Centre, 31 Sturt St, Southbank VIC, Australia"
        ,
        "start_date": "Apr 26",
        "latitude": -37.8240,
        "longitude": 144.9683
      },
      {
        "id": 5,
        "title": "Partiboi69",
        "address": 
          "PICA (Port Melbourne Industrial Centre for the Arts), 1 Thackray Rd,Port Melbourne VIC, Australia"
        ,
        "start_date": "Apr 26",
        "latitude": -37.8286,
        "longitude": 144.9225
      },
      {
        "id": 6,
        "title": "Melbourne Avurudu Baila 2025",
        "address": 
          "Brown Alley, 585 Lonsdale St,Melbourne VIC, Australia"
        ,
        "start_date": "Apr 26",
        "latitude": -37.8130,
        "longitude": 144.9556
      },
      {
        "id": 7,
        "title": "The Warehouse Project",
        "address": "PICA (Port Melbourne Industrial Centre for the Arts), 1 Thackray Rd,Port Melbourne VIC, Australia"
        ,
        "start_date": "Apr 26",
        "latitude": -37.8286,
        "longitude": 144.9225
      },
      {
        "id": 8,
        "title": "Killer Cars Show & Shine — AOMC",
        "address": 
          "Waterview Recreation Reserve, 69W Waterview Dr,Mernda VIC, Australia"
        ,
        "start_date": "Apr 26",
        "latitude": -37.6030,
        "longitude": 145.0938
      },
      {
        "id": 9,
        "title": "State Champs",
        "address": 
          "Festival Hall, 300 Dudley St,West Melbourne VIC, Australia"
        ,
        "start_date": "Apr 26",
        "latitude": -37.8064,
        "longitude": 144.9430
      },
      {
        "id": 10,
        "title": "Melbourne International Comedy Festival Roadshow",
        "address": 
          "Frankston Arts Centre, 27-37 Davey St,Frankston VIC, Australia",
        "start_date": "Apr 27",
        "latitude": -38.1426,
        "longitude": 145.1222
      }
    ]
  }
  